-- ============================================================================
-- SETUP
-- ============================================================================

begin;
select plan(18);

-- ============================================================================
-- VARIABLES
-- ============================================================================

\set allianceID '3a2e0000-0000-0000-0000-000000000001'
\set event1ID '3a2e0000-0000-0000-0000-000000000002'
\set event2ID '3a2e0000-0000-0000-0000-000000000003'
\set eventCategoryID '3a2e0000-0000-0000-0000-000000000004'
\set eventDiscountCode1ID '3a2e0000-0000-0000-0000-000000000005'
\set eventPurchase1ID '3a2e0000-0000-0000-0000-000000000006'
\set eventPurchase2ID '3a2e0000-0000-0000-0000-000000000007'
\set eventPurchasePendingCheckoutID '3a2e0000-0000-0000-0000-000000000025'
\set eventPendingCheckoutID '3a2e0000-0000-0000-0000-000000000026'
\set eventQuestionsID '3a2e0000-0000-0000-0000-000000000008'
\set eventRefundRequest2ID '3a2e0000-0000-0000-0000-000000000009'
\set eventStopwordSearchID '3a2e0000-0000-0000-0000-000000000028'
\set eventTicketType1ID '3a2e0000-0000-0000-0000-000000000010'
\set eventTicketType2ID '3a2e0000-0000-0000-0000-000000000011'
\set eventTicketTypePendingCheckoutID '3a2e0000-0000-0000-0000-000000000027'
\set group2ID '3a2e0000-0000-0000-0000-000000000012'
\set groupCategoryID '3a2e0000-0000-0000-0000-000000000013'
\set groupID '3a2e0000-0000-0000-0000-000000000014'
\set missingEventID '3a2e0000-0000-0000-0000-000000000015'
\set pendingCheckoutUserID '3a2e0000-0000-0000-0000-000000000024'
\set questionsAttendeeUserID '3a2e0000-0000-0000-0000-000000000016'
\set registrationQuestionID '3a2e0000-0000-0000-0000-000000000017'
\set user1ID '3a2e0000-0000-0000-0000-000000000018'
\set user2ID '3a2e0000-0000-0000-0000-000000000019'
\set user3ID '3a2e0000-0000-0000-0000-000000000020'
\set user4ID '3a2e0000-0000-0000-0000-000000000021'
\set user5ID '3a2e0000-0000-0000-0000-000000000022'
\set user6ID '3a2e0000-0000-0000-0000-000000000023'
\set userStopwordSearchID '3a2e0000-0000-0000-0000-000000000029'

-- ============================================================================
-- SEED DATA
-- ============================================================================

-- Alliance
insert into alliance (
    alliance_id,
    name,
    display_name,
    description,
    banner_mobile_url,
    banner_url,
    logo_url
) values (
    :'allianceID',
    'attendee-search-alliance',
    'Attendee Search Alliance',
    'A test alliance for attendee search',
    'https://example.com/banner-mobile.png',
    'https://example.com/banner.png',
    'https://example.com/logo.png'
);

-- Group category
insert into group_category (group_category_id, alliance_id, name)
values (:'groupCategoryID', :'allianceID', 'Tech');

-- Event category
insert into event_category (event_category_id, alliance_id, name)
values (:'eventCategoryID', :'allianceID', 'General');

-- Groups
insert into "group" (group_id, alliance_id, group_category_id, name, slug)
values
    (:'groupID', :'allianceID', :'groupCategoryID', 'Attendee Group', 'attendee-group'),
    (:'group2ID', :'allianceID', :'groupCategoryID', 'Other Group', 'other-group');

-- Users
insert into "user" (
    user_id,
    auth_hash,
    bio,
    email,
    email_verified,
    github_url,
    optional_notifications_enabled,
    provider,
    username,
    website_url,

    company,
    name,
    photo_url,
    registration_status,
    title
)
values (
    :'user1ID',
    gen_random_bytes(32),
    'Maintains event infrastructure',
    'alice@example.com',
    true,
    'https://github.com/alice',
    true,
    '{"github": {"username": "alice-gh", "private": "secret"}, "linuxfoundation": {"username": "alice-lf", "subject": "secret"}}'::jsonb,
    'alice',
    'https://example.com/alice',
    'Cloud Corp',
    'Alice',
    'https://example.com/alice.png',
    'registered',
    'Principal Engineer'
), (
    :'user2ID',
    gen_random_bytes(32),
    null,
    'bob@example.com',
    true,
    null,
    false,
    null,
    'bob',
    null,
    null,
    null,
    'https://example.com/bob.png',
    'registered',
    null
), (
    :'user3ID',
    gen_random_bytes(32),
    null,
    'pending@example.com',
    false,
    null,
    true,
    null,
    'pending',
    null,
    null,
    'Pending Invite',
    null,
    'pre-registered',
    null
), (
    :'user4ID',
    gen_random_bytes(32),
    null,
    'rejected@example.com',
    true,
    null,
    true,
    null,
    'rejected',
    null,
    null,
    'Rejected Invite',
    null,
    'registered',
    null
), (
    :'user5ID',
    gen_random_bytes(32),
    null,
    'canceled@example.com',
    true,
    null,
    true,
    null,
    'canceled',
    null,
    null,
    'Canceled Invite',
    null,
    'registered',
    null
), (
    :'user6ID',
    gen_random_bytes(32),
    null,
    'questions-pending@example.com',
    true,
    null,
    true,
    null,
    'questions-pending',
    null,
    null,
    'Questions Pending',
    null,
    'registered',
    null
), (
    :'pendingCheckoutUserID',
    gen_random_bytes(32),
    null,
    'pending-checkout@example.com',
    true,
    null,
    true,
    null,
    'pending-checkout',
    null,
    null,
    'Pending Checkout',
    null,
    'registered',
    null
), (
    :'questionsAttendeeUserID',
    gen_random_bytes(32),
    null,
    'rq-attendee@test.com',
    false,
    null,
    true,
    null,
    'rq-attendee',
    null,
    null,
    null,
    null,
    'registered',
    null
), (
    :'userStopwordSearchID',
    gen_random_bytes(32),
    null,
    'may@example.com',
    true,
    null,
    true,
    null,
    'may',
    null,
    null,
    'May',
    null,
    'registered',
    null
);

-- Events
insert into event (
    event_id,
    name,
    slug,
    description,
    timezone,
    event_category_id,
    event_kind_id,
    group_id,
    payment_currency_code,
    published,
    canceled,
    deleted
)
values (
    :'event1ID',
    'Attendee Event',
    'attendee-event',
    'An event for attendee search',
    'UTC',
    :'eventCategoryID',
    'in-person',
    :'groupID',
    'USD',
    true,
    false,
    false
), (
    :'event2ID',
    'Refund Event',
    'refund-event',
    'An event for attendee refunds',
    'UTC',
    :'eventCategoryID',
    'in-person',
    :'groupID',
    'USD',
    true,
    false,
    false
), (
    :'eventPendingCheckoutID',
    'Pending Checkout Event',
    'pending-checkout-event',
    'An event with an active pending checkout',
    'UTC',
    :'eventCategoryID',
    'in-person',
    :'groupID',
    'USD',
    true,
    false,
    false
), (
    :'eventStopwordSearchID',
    'Stopword Search Event',
    'stopword-search-event',
    'An event with an attendee whose name looks like a stop word',
    'UTC',
    :'eventCategoryID',
    'in-person',
    :'groupID',
    'USD',
    true,
    false,
    false
);

-- Event with registration questions used to return attendee answers
insert into event (
    event_id,
    group_id,
    name,
    slug,
    description,
    timezone,
    event_category_id,
    event_kind_id,
    published,
    starts_at,
    registration_questions
) values (
    :'eventQuestionsID',
    :'groupID',
    'Questions Event',
    'questions-event',
    'An event with registration questions',
    'UTC',
    :'eventCategoryID',
    'in-person',
    true,
    '2030-01-01 10:00:00+00',
    jsonb_build_array(jsonb_build_object(
        'id', :'registrationQuestionID',
        'kind', 'free-text',
        'options', jsonb_build_array(),
        'prompt', 'Note',
        'required', true
    ))
);

-- Ticket types
insert into event_ticket_type (
    event_ticket_type_id,
    event_id,
    "order",
    seats_total,
    title
)
values
    (:'eventTicketType1ID', :'event1ID', 1, 100, 'General admission'),
    (:'eventTicketType2ID', :'event2ID', 1, 100, 'VIP'),
    (:'eventTicketTypePendingCheckoutID', :'eventPendingCheckoutID', 1, 100, 'General admission');

-- Discount codes
insert into event_discount_code (
    event_discount_code_id,
    amount_minor,
    code,
    event_id,
    kind,
    title
)
values (
    :'eventDiscountCode1ID',
    500,
    'SAVE5',
    :'event1ID',
    'fixed_amount',
    'Launch discount'
);

-- Attendees
insert into event_attendee (
    event_id,
    user_id,
    checked_in,
    checked_in_at,
    created_at,
    manually_invited,
    status
) values (
    :'event1ID',
    :'user1ID',
    true,
    '2024-01-01 10:00:00+00',
    '2024-01-01 00:00:00+00',
    true,
    'confirmed'
), (
    :'event1ID',
    :'user2ID',
    false,
    null,
    '2024-01-02 00:00:00+00',
    false,
    'confirmed'
), (
    :'event1ID',
    :'user3ID',
    false,
    null,
    '2024-01-03 00:00:00+00',
    true,
    'invitation-pending'
), (
    :'event1ID',
    :'user4ID',
    false,
    null,
    '2024-01-04 00:00:00+00',
    true,
    'invitation-rejected'
), (
    :'event1ID',
    :'user5ID',
    false,
    null,
    '2024-01-05 00:00:00+00',
    true,
    'invitation-canceled'
), (
    :'event1ID',
    :'user6ID',
    false,
    null,
    '2024-01-06 00:00:00+00',
    false,
    'registration-questions-pending'
), (
    :'eventPendingCheckoutID',
    :'pendingCheckoutUserID',
    false,
    null,
    '2024-01-07 00:00:00+00',
    false,
    'registration-questions-pending'
), (
    :'event2ID',
    :'user2ID',
    true,
    '2024-01-03 15:00:00+00',
    '2024-01-03 00:00:00+00',
    false,
    'confirmed'
), (
    :'eventStopwordSearchID',
    :'userStopwordSearchID',
    false,
    null,
    '2024-01-08 00:00:00+00',
    false,
    'confirmed'
);

-- Attendee with registration answers returned by attendee search
insert into event_attendee (event_id, user_id, status, registration_answers)
values (
    :'eventQuestionsID',
    :'questionsAttendeeUserID',
    'confirmed',
    jsonb_build_object(
        'answers',
        jsonb_build_array(jsonb_build_object(
            'question_id', :'registrationQuestionID',
            'value', 'Attendee answer'
        ))
    )
);

-- Purchases
insert into event_purchase (
    event_purchase_id,
    amount_minor,
    currency_code,
    discount_amount_minor,
    discount_code,
    event_discount_code_id,
    event_id,
    event_ticket_type_id,
    hold_expires_at,
    status,
    ticket_title,
    user_id
)
values
    (
        :'eventPurchase1ID',
        2500,
        'USD',
        500,
        'SAVE5',
        :'eventDiscountCode1ID',
        :'event1ID',
        :'eventTicketType1ID',
        null,
        'completed',
        'General admission',
        :'user1ID'
    ),
    (
        :'eventPurchase2ID',
        4000,
        'USD',
        0,
        null,
        null,
        :'event2ID',
        :'eventTicketType2ID',
        null,
        'refund-requested',
        'VIP',
        :'user2ID'
    ),
    (
        :'eventPurchasePendingCheckoutID',
        2500,
        'USD',
        0,
        null,
        null,
        :'eventPendingCheckoutID',
        :'eventTicketTypePendingCheckoutID',
        current_timestamp + interval '10 minutes',
        'pending',
        'General admission',
        :'pendingCheckoutUserID'
    );

-- Refund requests
insert into event_refund_request (
    event_refund_request_id,
    event_purchase_id,
    requested_by_user_id,
    status
)
values (
    :'eventRefundRequest2ID',
    :'eventPurchase2ID',
    :'user2ID',
    'pending'
);

-- ============================================================================
-- TESTS
-- ============================================================================

-- Should return attendees for event1 with expected fields and order
select is(
    search_event_attendees(
        :'groupID'::uuid,
        jsonb_build_object('event_id', :'event1ID'::uuid, 'limit', 50, 'offset', 0)
    )::jsonb,
    jsonb_build_object(
        'attendees', '[
            {"can_receive_attendee_email": true, "checked_in": true,  "created_at": 1704067200, "email": "alice@example.com", "manually_invited": true, "registration_answers": null, "status": "confirmed", "user": {"user_id": "3a2e0000-0000-0000-0000-000000000018", "username": "alice", "bio": "Maintains event infrastructure", "company": "Cloud Corp", "github_url": "https://github.com/alice", "name": "Alice", "photo_url": "https://example.com/alice.png", "provider": {"github": {"username": "alice-gh"}, "linuxfoundation": {"username": "alice-lf"}}, "title": "Principal Engineer", "website_url": "https://example.com/alice"}, "checked_in_at": 1704103200, "amount_minor": 2500, "currency_code": "USD", "discount_code": "SAVE5", "event_purchase_id": "3a2e0000-0000-0000-0000-000000000006", "refund_request_status": null, "ticket_title": "General admission"},
            {"can_receive_attendee_email": false, "checked_in": false, "created_at": 1704153600, "email": "bob@example.com", "manually_invited": false, "registration_answers": null, "status": "confirmed", "user": {"user_id": "3a2e0000-0000-0000-0000-000000000019", "username": "bob", "photo_url": "https://example.com/bob.png"}, "checked_in_at": null, "amount_minor": null, "currency_code": null, "discount_code": null, "event_purchase_id": null, "refund_request_status": null, "ticket_title": null},
            {"can_receive_attendee_email": false, "checked_in": false, "created_at": 1704240000, "email": "pending@example.com", "manually_invited": true, "registration_answers": null, "status": "invitation-pending", "user": {"user_id": "3a2e0000-0000-0000-0000-000000000020", "username": "pending", "name": "Pending Invite"}, "checked_in_at": null, "amount_minor": null, "currency_code": null, "discount_code": null, "event_purchase_id": null, "refund_request_status": null, "ticket_title": null},
            {"can_receive_attendee_email": true, "checked_in": false, "created_at": 1704499200, "email": "questions-pending@example.com", "manually_invited": false, "registration_answers": null, "status": "registration-questions-pending", "user": {"user_id": "3a2e0000-0000-0000-0000-000000000023", "username": "questions-pending", "name": "Questions Pending"}, "checked_in_at": null, "amount_minor": null, "currency_code": null, "discount_code": null, "event_purchase_id": null, "refund_request_status": null, "ticket_title": null},
            {"can_receive_attendee_email": false, "checked_in": false, "created_at": 1704326400, "email": "rejected@example.com", "manually_invited": true, "registration_answers": null, "status": "invitation-rejected", "user": {"user_id": "3a2e0000-0000-0000-0000-000000000021", "username": "rejected", "name": "Rejected Invite"}, "checked_in_at": null, "amount_minor": null, "currency_code": null, "discount_code": null, "event_purchase_id": null, "refund_request_status": null, "ticket_title": null}
        ]'::jsonb,
        'all_attendees_email_recipient_total', 2,
        'total', 5
    ),
    'Should return attendees for event1 with expected fields and order'
);

-- Should return paginated attendees when limit and offset are provided
select is(
    search_event_attendees(
        :'groupID'::uuid,
        jsonb_build_object('event_id', :'event1ID'::uuid, 'limit', 1, 'offset', 1)
    )::jsonb,
    jsonb_build_object(
        'attendees', '[
            {"can_receive_attendee_email": false, "checked_in": false, "created_at": 1704153600, "email": "bob@example.com", "manually_invited": false, "registration_answers": null, "status": "confirmed", "user": {"user_id": "3a2e0000-0000-0000-0000-000000000019", "username": "bob", "photo_url": "https://example.com/bob.png"}, "checked_in_at": null, "amount_minor": null, "currency_code": null, "discount_code": null, "event_purchase_id": null, "refund_request_status": null, "ticket_title": null}
        ]'::jsonb,
        'all_attendees_email_recipient_total', 2,
        'total', 5
    ),
    'Should return paginated attendees when limit and offset are provided'
);

-- Should return full attendee list when pagination is omitted
select is(
    search_event_attendees(
        :'groupID'::uuid,
        jsonb_build_object('event_id', :'event1ID'::uuid)
    )::jsonb,
    jsonb_build_object(
        'attendees', '[
            {"can_receive_attendee_email": true, "checked_in": true,  "created_at": 1704067200, "email": "alice@example.com", "manually_invited": true, "registration_answers": null, "status": "confirmed", "user": {"user_id": "3a2e0000-0000-0000-0000-000000000018", "username": "alice", "bio": "Maintains event infrastructure", "company": "Cloud Corp", "github_url": "https://github.com/alice", "name": "Alice", "photo_url": "https://example.com/alice.png", "provider": {"github": {"username": "alice-gh"}, "linuxfoundation": {"username": "alice-lf"}}, "title": "Principal Engineer", "website_url": "https://example.com/alice"}, "checked_in_at": 1704103200, "amount_minor": 2500, "currency_code": "USD", "discount_code": "SAVE5", "event_purchase_id": "3a2e0000-0000-0000-0000-000000000006", "refund_request_status": null, "ticket_title": "General admission"},
            {"can_receive_attendee_email": false, "checked_in": false, "created_at": 1704153600, "email": "bob@example.com", "manually_invited": false, "registration_answers": null, "status": "confirmed", "user": {"user_id": "3a2e0000-0000-0000-0000-000000000019", "username": "bob", "photo_url": "https://example.com/bob.png"}, "checked_in_at": null, "amount_minor": null, "currency_code": null, "discount_code": null, "event_purchase_id": null, "refund_request_status": null, "ticket_title": null},
            {"can_receive_attendee_email": false, "checked_in": false, "created_at": 1704240000, "email": "pending@example.com", "manually_invited": true, "registration_answers": null, "status": "invitation-pending", "user": {"user_id": "3a2e0000-0000-0000-0000-000000000020", "username": "pending", "name": "Pending Invite"}, "checked_in_at": null, "amount_minor": null, "currency_code": null, "discount_code": null, "event_purchase_id": null, "refund_request_status": null, "ticket_title": null},
            {"can_receive_attendee_email": true, "checked_in": false, "created_at": 1704499200, "email": "questions-pending@example.com", "manually_invited": false, "registration_answers": null, "status": "registration-questions-pending", "user": {"user_id": "3a2e0000-0000-0000-0000-000000000023", "username": "questions-pending", "name": "Questions Pending"}, "checked_in_at": null, "amount_minor": null, "currency_code": null, "discount_code": null, "event_purchase_id": null, "refund_request_status": null, "ticket_title": null},
            {"can_receive_attendee_email": false, "checked_in": false, "created_at": 1704326400, "email": "rejected@example.com", "manually_invited": true, "registration_answers": null, "status": "invitation-rejected", "user": {"user_id": "3a2e0000-0000-0000-0000-000000000021", "username": "rejected", "name": "Rejected Invite"}, "checked_in_at": null, "amount_minor": null, "currency_code": null, "discount_code": null, "event_purchase_id": null, "refund_request_status": null, "ticket_title": null}
        ]'::jsonb,
        'all_attendees_email_recipient_total', 2,
        'total', 5
    ),
    'Should return full attendee list when pagination is omitted'
);

-- Should return attendees for event2
select is(
    search_event_attendees(
        :'groupID'::uuid,
        jsonb_build_object('event_id', :'event2ID'::uuid, 'limit', 50, 'offset', 0)
    )::jsonb,
    jsonb_build_object(
        'attendees', '[
            {"can_receive_attendee_email": false, "checked_in": true, "created_at": 1704240000, "email": "bob@example.com", "manually_invited": false, "registration_answers": null, "status": "confirmed", "user": {"user_id": "3a2e0000-0000-0000-0000-000000000019", "username": "bob", "photo_url": "https://example.com/bob.png"}, "checked_in_at": 1704294000, "amount_minor": 4000, "currency_code": "USD", "discount_code": null, "event_purchase_id": "3a2e0000-0000-0000-0000-000000000007", "refund_request_status": "pending", "ticket_title": "VIP"}
        ]'::jsonb,
        'all_attendees_email_recipient_total', 0,
        'total', 1
    ),
    'Should return attendees for event2'
);

-- Should return empty list when no event_id provided
select is(
    search_event_attendees(
        :'groupID'::uuid,
        '{"limit":50,"offset":0}'::jsonb
    )::jsonb,
    jsonb_build_object(
        'all_attendees_email_recipient_total', 0,
        'attendees', '[]'::jsonb,
        'total', 0
    ),
    'Should return empty list when no event_id provided'
);

-- Should return empty list for non-existing event
select is(
    search_event_attendees(
        :'groupID'::uuid,
        jsonb_build_object('event_id', :'missingEventID'::uuid, 'limit', 50, 'offset', 0)
    )::jsonb,
    jsonb_build_object(
        'all_attendees_email_recipient_total', 0,
        'attendees', '[]'::jsonb,
        'total', 0
    ),
    'Should return empty list for non-existing event'
);

-- Should return empty list when event belongs to another group
select is(
    search_event_attendees(
        :'group2ID'::uuid,
        jsonb_build_object('event_id', :'event1ID'::uuid, 'limit', 50, 'offset', 0)
    )::jsonb,
    jsonb_build_object(
        'all_attendees_email_recipient_total', 0,
        'attendees', '[]'::jsonb,
        'total', 0
    ),
    'Should return empty list when event belongs to another group'
);

-- Should filter attendees by identity search query without changing all-recipient count
select ok(
    (
        with result as (
            select search_event_attendees(
                :'groupID'::uuid,
                jsonb_build_object(
                    'event_id', :'event1ID'::uuid,
                    'limit', 50,
                    'offset', 0,
                    'ts_query', 'ali'
                )
            )::jsonb as data
        )
        select (data->>'total')::int = 1
        and (data->>'all_attendees_email_recipient_total')::int = 2
        and data#>>'{attendees,0,user,user_id}' = :'user1ID'
        from result
    ),
    'Should filter attendees by identity search query without changing all-recipient count'
);

-- Should filter attendees whose names look like stop words
select ok(
    (
        with result as (
            select search_event_attendees(
                :'groupID'::uuid,
                jsonb_build_object(
                    'event_id', :'eventStopwordSearchID'::uuid,
                    'limit', 50,
                    'offset', 0,
                    'ts_query', 'may'
                )
            )::jsonb as data
        )
        select (data->>'total')::int = 1
        and (data->>'all_attendees_email_recipient_total')::int = 1
        and data#>>'{attendees,0,user,user_id}' = :'userStopwordSearchID'
        from result
    ),
    'Should filter attendees whose names look like stop words'
);

-- Should filter attendees by company search query
select ok(
    (
        with result as (
            select search_event_attendees(
                :'groupID'::uuid,
                jsonb_build_object(
                    'event_id', :'event1ID'::uuid,
                    'limit', 50,
                    'offset', 0,
                    'ts_query', 'cloud corp'
                )
            )::jsonb as data
        )
        select (data->>'total')::int = 1
        and (data->>'all_attendees_email_recipient_total')::int = 2
        and data#>>'{attendees,0,user,user_id}' = :'user1ID'
        from result
    ),
    'Should filter attendees by company search query'
);

-- Should filter attendees by title search query
select ok(
    (
        with result as (
            select search_event_attendees(
                :'groupID'::uuid,
                jsonb_build_object(
                    'event_id', :'event1ID'::uuid,
                    'limit', 50,
                    'offset', 0,
                    'ts_query', 'principal engineer'
                )
            )::jsonb as data
        )
        select (data->>'total')::int = 1
        and (data->>'all_attendees_email_recipient_total')::int = 2
        and data#>>'{attendees,0,user,user_id}' = :'user1ID'
        from result
    ),
    'Should filter attendees by title search query'
);

-- Should sort attendees by RSVP date descending
select is(
    search_event_attendees(
        :'groupID'::uuid,
        jsonb_build_object(
            'event_id', :'event1ID'::uuid,
            'limit', 50,
            'offset', 0,
            'sort', 'created-at-desc'
        )
    )::jsonb#>>'{attendees,0,user,username}',
    'questions-pending',
    'Should sort attendees by created_at descending'
);

-- Should filter attendees with a user title
select is(
    search_event_attendees(
        :'groupID'::uuid,
        jsonb_build_object(
            'event_id', :'event1ID'::uuid,
            'limit', 50,
            'offset', 0,
            'title', 'present'
        )
    )::jsonb->>'total',
    '1',
    'Should filter attendees with a title'
);

-- Should filter attendees without a user title
select is(
    search_event_attendees(
        :'groupID'::uuid,
        jsonb_build_object(
            'event_id', :'event1ID'::uuid,
            'limit', 50,
            'offset', 0,
            'title', 'missing'
        )
    )::jsonb->>'total',
    '4',
    'Should filter attendees without a title'
);

-- Should filter attendees by checked_in status
select is(
    search_event_attendees(
        :'groupID'::uuid,
        jsonb_build_object(
            'checked_in', true,
            'event_id', :'event1ID'::uuid,
            'limit', 50,
            'offset', 0
        )
    )::jsonb->>'total',
    '1',
    'Should filter attendees by checked_in status'
);

-- Should filter attendees by event ticket type identifiers
select is(
    search_event_attendees(
        :'groupID'::uuid,
        jsonb_build_object(
            'event_id', :'event1ID'::uuid,
            'event_ticket_type_ids', jsonb_build_array(:'eventTicketType1ID'::uuid),
            'limit', 50,
            'offset', 0
        )
    )::jsonb->>'total',
    '1',
    'Should filter attendees by event ticket type identifiers'
);

-- Should exclude active pending checkout holds from email recipient eligibility
select ok(
    (
        with result as (
            select search_event_attendees(
                :'groupID'::uuid,
                jsonb_build_object(
                    'event_id', :'eventPendingCheckoutID'::uuid,
                    'limit', 50,
                    'offset', 0
                )
            )::jsonb as data
        )
        select (data->>'total')::int = 1
        and (data->>'all_attendees_email_recipient_total')::int = 0
        and (data#>>'{attendees,0,can_receive_attendee_email}')::boolean = false
        from result
    ),
    'Should exclude active pending checkout holds from email recipient eligibility'
);

-- Should include registration answers in attendee search results
select is(
    (
        select attendee->'registration_answers'
        from jsonb_array_elements(
            search_event_attendees(:'groupID'::uuid, jsonb_build_object('event_id', :'eventQuestionsID'::uuid, 'limit', 10, 'offset', 0))::jsonb->'attendees'
        ) attendee
        where attendee#>>'{user,user_id}' = :'questionsAttendeeUserID'
    ),
    jsonb_build_object(
        'answers',
        jsonb_build_array(jsonb_build_object(
            'question_id', :'registrationQuestionID',
            'value', 'Attendee answer'
        ))
    ),
    'Should include registration answers in attendee search results'
);

-- ============================================================================
-- CLEANUP
-- ============================================================================

select * from finish();
rollback;
