-- ============================================================================
-- SETUP
-- ============================================================================

begin;
select plan(15);

-- ============================================================================
-- VARIABLES
-- ============================================================================

\set cfsSubmissionID '0c060000-0000-0000-0000-000000000001'
\set allianceID '0c060000-0000-0000-0000-000000000002'
\set eventCategoryID '0c060000-0000-0000-0000-000000000003'
\set eventAllianceLogoFallbackID '0c060000-0000-0000-0000-000000000004'
\set eventGroupLogoFallbackID '0c060000-0000-0000-0000-000000000005'
\set eventID '0c060000-0000-0000-0000-000000000006'
\set eventInactiveGroupID '0c060000-0000-0000-0000-000000000007'
\set eventPaidID '0c060000-0000-0000-0000-000000000008'
\set eventRecordingOverrideID '0c060000-0000-0000-0000-000000000009'
\set eventRelatedID '0c060000-0000-0000-0000-00000000000a'
\set eventSeriesID '0c060000-0000-0000-0000-00000000000b'
\set eventUnpublishedID '0c060000-0000-0000-0000-00000000000c'
\set groupCategoryID '0c060000-0000-0000-0000-00000000000d'
\set groupID '0c060000-0000-0000-0000-00000000000e'
\set groupInactiveID '0c060000-0000-0000-0000-00000000000f'
\set groupNoLogoID '0c060000-0000-0000-0000-000000000010'
\set label1ID '0c060000-0000-0000-0000-000000000011'
\set label2ID '0c060000-0000-0000-0000-000000000012'
\set legacyHost1ID '0c060000-0000-0000-0000-000000000013'
\set legacyHost2ID '0c060000-0000-0000-0000-000000000014'
\set legacySpeaker1ID '0c060000-0000-0000-0000-000000000015'
\set legacySpeaker2ID '0c060000-0000-0000-0000-000000000016'
\set questionID '0c060000-0000-0000-0000-000000000017'
\set session1ID '0c060000-0000-0000-0000-000000000018'
\set session2ID '0c060000-0000-0000-0000-000000000019'
\set session3ID '0c060000-0000-0000-0000-00000000001a'
\set sessionOverrideID '0c060000-0000-0000-0000-00000000001b'
\set sessionProposalID '0c060000-0000-0000-0000-00000000001c'
\set sponsor1ID '0c060000-0000-0000-0000-00000000001d'
\set sponsor2ID '0c060000-0000-0000-0000-00000000001e'
\set ticketDiscountCodeID '0c060000-0000-0000-0000-00000000001f'
\set ticketPriceWindowID '0c060000-0000-0000-0000-000000000020'
\set ticketTypeID '0c060000-0000-0000-0000-000000000021'
\set unknownAllianceID '0c060000-0000-0000-0000-000000000022'
\set unknownEventID '0c060000-0000-0000-0000-000000000023'
\set user1ID '0c060000-0000-0000-0000-000000000024'
\set user2ID '0c060000-0000-0000-0000-000000000025'
\set user3ID '0c060000-0000-0000-0000-000000000026'

-- ============================================================================
-- SEED DATA
-- ============================================================================

-- Alliance
insert into alliance (
    alliance_id,
    name,
    display_name,
    description,
    banner_mobile_url,
    banner_url,
    logo_url,

    ad_banner_link_url,
    ad_banner_url,
    og_image_url
) values (
    :'allianceID',
    'cloud-native-seattle',
    'Cloud Native Seattle',
    'A vibrant alliance for cloud native technologies and practices in Seattle',
    'https://example.com/banner_mobile.png',
    'https://example.com/banner.png',
    'https://example.com/logo.png',

    'https://example.com/ad-banner-link',
    'https://example.com/ad-banner.png',
    'https://example.com/alliance-og.png'
);

-- Group category
insert into group_category (group_category_id, alliance_id, name)
values (:'groupCategoryID', :'allianceID', 'Technology');

-- Event category
insert into event_category (event_category_id, alliance_id, name)
values (:'eventCategoryID', :'allianceID', 'Tech Talks');

-- Users
insert into "user" (
    user_id,
    auth_hash,
    email,
    email_verified,
    username,

    bio,
    bluesky_url,
    company,
    facebook_url,
    github_url,
    linkedin_url,
    name,
    photo_url,
    provider,
    title,
    twitter_url,
    website_url
) values (
    :'user1ID',
    'test_hash',
    'host@seattle.cloudnative.org',
    false,
    'sarah-host',

    'Cloud native alliance leader',
    'https://bsky.app/profile/sarahchen',
    'Microsoft',
    'https://facebook.com/sarahchen',
    'https://github.com/sarahchen',
    'https://linkedin.com/in/sarahchen',
    'Sarah Chen',
    'https://example.com/sarah.png',
    jsonb_build_object('linuxfoundation', jsonb_build_object('username', 'sarah-lf')),
    'Principal Engineer',
    'https://twitter.com/sarahchen',
    'https://sarahchen.dev'
), (
    :'user2ID',
    'test_hash',
    'organizer@seattle.cloudnative.org',
    false,
    'mike-organizer',

    'Event organizer and speaker',
    'https://bsky.app/profile/mikerod',
    'AWS',
    'https://facebook.com/mikerod',
    'https://github.com/mikerod',
    'https://linkedin.com/in/mikerod',
    'Mike Rodriguez',
    'https://example.com/mike.png',
    jsonb_build_object('github', jsonb_build_object('username', 'mike-gh')),
    'Solutions Architect',
    'https://twitter.com/mikerod',
    'https://mikerodriguez.io'
), (
    :'user3ID',
    'test_hash',
    'speaker@seattle.cloudnative.org',
    false,
    'alex-speaker',

    'Kubernetes expert and speaker',
    'https://bsky.app/profile/alexthompson',
    'Google',
    null,
    'https://github.com/alexthompson',
    'https://linkedin.com/in/alexthompson',
    'Alex Thompson',
    'https://example.com/alex.png',
    null,
    'Staff Engineer',
    null,
    null
);

-- Group
insert into "group" (
    group_id,
    alliance_id,
    group_category_id,
    name,
    slug,

    active,
    city,
    country_code,
    country_name,
    created_at,
    location,
    logo_url,
    og_image_url,
    state
) values (
    :'groupID',
    :'allianceID',
    :'groupCategoryID',
    'Seattle Kubernetes Meetup',
    'abc1234',

    true,
    'New York',
    'US',
    'United States',
    '2024-03-01 10:00:00+00',
    ST_SetSRID(ST_MakePoint(-73.935242, 40.730610), 4326),  -- New York coordinates
    'https://example.com/group-logo.png',
    'https://example.com/group-og.png',
    'NY'
);

-- Group (inactive)
insert into "group" (
    group_id,
    alliance_id,
    group_category_id,
    name,
    slug,

    active
) values (
    :'groupInactiveID',
    :'allianceID',
    :'groupCategoryID',
    'Inactive DevOps Group',
    'xyz9876',

    false
);

-- Group without logo
insert into "group" (
    group_id,
    alliance_id,
    group_category_id,
    name,
    slug,

    active
) values (
    :'groupNoLogoID',
    :'allianceID',
    :'groupCategoryID',
    'Seattle Kubernetes Meetup No Logo',
    'abc5678',

    true
);

-- Event Series
insert into event_series (
    event_series_id,
    group_id,
    recurrence_additional_occurrences,
    recurrence_anchor_starts_at,
    recurrence_pattern,
    timezone,

    created_by
) values (
    :'eventSeriesID',
    :'groupID',
    1,
    '2024-06-15 08:00:00+00',
    'weekly',
    'America/New_York',

    :'user2ID'
);

-- Event
insert into event (
    event_id,
    name,
    slug,
    description,
    description_short,
    timezone,
    event_category_id,
    event_kind_id,
    group_id,
    published,
    published_at,
    canceled,
    starts_at,
    ends_at,
    tags,
    venue_name,
    venue_address,
    venue_city,
    venue_country_code,
    venue_country_name,
    venue_state,
    venue_zip_code,
    logo_url,
    banner_url,
    capacity,
    registration_required,
    meeting_in_sync,
    meeting_join_instructions,
    location,
    meeting_join_url,
    meeting_recording_published,
    meeting_recording_url,
    meeting_requested,
    luma_url,
    meetup_url,
    photos_urls,
    created_at,

    event_series_id
) values (
    :'eventID',
    'KubeCon Seattle 2024',
    'def5678',
    'Annual Kubernetes conference featuring workshops, talks, and hands-on sessions with industry experts from across the cloud native ecosystem',
    'Annual Kubernetes conference',
    'America/New_York',
    :'eventCategoryID',
    'hybrid',
    :'groupID',
    true,
    '2024-05-01 12:00:00+00',
    false,
    '2024-06-15 08:00:00+00',
    '2024-06-16 17:00:00+00',
    array['technology', 'conference', 'workshops'],
    'Convention Center',
    '123 Main St',
    'New York',
    'US',
    'United States',
    'NY',
    '10001',
    'https://example.com/event-logo.png',
    'https://example.com/event-banner.png',
    500,
    true,
    true,
    'Use your registration name when joining.',
    ST_SetSRID(
        ST_MakePoint(-122.3321, 47.6062),
        4326
    ),  -- Seattle coordinates (different from group)
    null,
    true,
    null,
    false,
    'https://luma.com/event123',
    'https://meetup.com/event123',
    array['https://example.com/photo1.jpg', 'https://example.com/photo2.jpg'],
    '2024-04-01 10:00:00+00',

    :'eventSeriesID'
);

-- Related event in the same series
insert into event (
    event_id,
    event_series_id,
    event_category_id,
    event_kind_id,
    group_id,
    name,
    slug,
    description,
    timezone
) values (
    :'eventRelatedID',
    :'eventSeriesID',
    :'eventCategoryID',
    'hybrid',
    :'groupID',
    'KubeCon Seattle 2024 Follow-up',
    'kubecon-seattle-2024-follow-up',
    'A related event in the same series',
    'America/New_York'
);

-- Event (unpublished)
insert into event (
    event_id,
    name,
    slug,
    description,
    event_kind_id,
    event_category_id,
    group_id,
    published,
    starts_at,
    timezone,
    legacy_id,
    registration_ends_at,
    registration_starts_at,
    registration_questions
) values (
    :'eventUnpublishedID',
    'Draft Workshop',
    'ghi9abc',
    'A draft workshop that is not yet published',
    'virtual',
    :'eventCategoryID',
    :'groupID',
    false,
    '2024-07-15 09:00:00+00',
    'America/New_York',
    1234,
    '2024-07-14 09:00:00+00',
    '2024-07-01 09:00:00+00',
    format(
        '[{"id": "%s", "kind": "free-text", "prompt": "Question", "required": true, "options": []}]',
        :'questionID'
    )::jsonb
);

-- Event CFS labels
insert into event_cfs_label (event_cfs_label_id, event_id, name, color)
values
    (:'label1ID', :'eventID', 'track / ai + ml', '#DBEAFE'),
    (:'label2ID', :'eventID', 'track / web', '#FEE2E2');

-- Event with automatic recording overrides
insert into event (
    event_id,
    name,
    slug,
    description,
    timezone,
    event_category_id,
    event_kind_id,
    group_id,
    published,
    starts_at,
    ends_at,
    capacity,
    meeting_in_sync,
    meeting_provider_id,
    meeting_recording_published,
    meeting_recording_url,
    meeting_requested
) values (
    :'eventRecordingOverrideID',
    'KubeCon Seattle 2024 Recording Override',
    'kubecon-seattle-2024-recording-override',
    'An event used to verify organizer recording overrides take priority',
    'America/New_York',
    :'eventCategoryID',
    'virtual',
    :'groupID',
    true,
    '2024-06-18 09:00:00+00',
    '2024-06-18 11:00:00+00',
    100,
    true,
    'zoom',
    true,
    'https://youtube.com/watch?v=event-override',
    true
);

-- Session proposal linked to a session
insert into session_proposal (
    session_proposal_id,
    created_at,
    description,
    duration,
    session_proposal_level_id,
    title,
    user_id,

    co_speaker_user_id
) values (
    :'sessionProposalID',
    '2024-04-20 10:00:00+00',
    'Proposal description for breakfast and registration details',
    make_interval(mins => 45),
    'beginner',
    'Breakfast & Registration',
    :'user1ID',

    :'user2ID'
);

-- CFS submission linked to the session proposal
insert into cfs_submission (
    cfs_submission_id,
    event_id,
    session_proposal_id,
    status_id
) values (
    :'cfsSubmissionID',
    :'eventID',
    :'sessionProposalID',
    'approved'
);

-- Event Host
insert into event_host (event_id, user_id)
values (:'eventID', :'user1ID');

-- Event Speakers
insert into event_speaker (event_id, user_id, featured)
values
    (:'eventID', :'user1ID', false),
    (:'eventID', :'user3ID', true),
    (:'eventID', :'user2ID', false);

-- Event Attendee
insert into event_attendee (event_id, user_id, status, checked_in, checked_in_at, created_at)
values
    (:'eventID', :'user1ID', 'confirmed', true, '2024-01-01 00:00:00', '2024-01-01 00:00:00'),
    (:'eventID', :'user2ID', 'confirmed', false, null, '2024-01-01 00:00:00'),
    (:'eventID', :'user3ID', 'invitation-pending', false, null, '2024-01-01 00:00:00');

-- Event attendee with registration answers for questionnaire lock checks
insert into event_attendee (event_id, user_id, status, registration_answers)
values (
    :'eventUnpublishedID',
    :'user3ID',
    'confirmed',
    format(
        '{"answers": [{"question_id": "%s", "value": "Answer"}]}',
        :'questionID'
    )::jsonb
);

-- Group Team
insert into group_team (group_id, user_id, role, accepted, "order")
values (:'groupID', :'user2ID', 'admin', true, 1);

-- Event Organizers
insert into event_organizer (event_id, user_id, "order")
values (:'eventID', :'user2ID', 1);

-- Session
insert into session (
    session_id,
    event_id,
    name,
    description,
    cfs_submission_id,
    session_kind_id,
    starts_at,
    ends_at,
    location,
    meeting_in_sync,
    meeting_join_instructions,
    meeting_join_url,
    meeting_provider_id,
    meeting_recording_published,
    meeting_recording_url,
    meeting_requested
) values (
    :'session1ID',
    :'eventID',
    'Opening Keynote: The Future of Cloud Native',
    'Welcome keynote exploring the evolving landscape of cloud native technologies',
    null,
    'in-person',
    '2024-06-15 09:00:00+00',
    '2024-06-15 10:00:00+00',
    'Main Hall',
    null,
    'Join five minutes early for the speaker Q&A.',
    'https://stream.example.com/session1',
    null,
    true,
    'https://youtube.com/watch?v=session1',
    false
),
(
    :'session2ID',
    :'eventID',
    'Workshop: Kubernetes Security Best Practices',
    'Hands-on workshop covering security fundamentals for Kubernetes deployments',
    null,
    'virtual',
    '2024-06-16 10:30:00+00',
    '2024-06-16 11:30:00+00',
    'Room A',
    true,
    null,
    null,
    'zoom',
    true,
    null,
    true
);

-- Additional session on the same day to verify sorting within the day
insert into session (
    session_id,
    event_id,
    name,
    description,
    cfs_submission_id,
    session_kind_id,
    starts_at,
    ends_at,
    location,
    meeting_in_sync,
    meeting_join_url,
    meeting_provider_id,
    meeting_recording_url,
    meeting_requested
) values (
    :'session3ID',
    :'eventID',
    'Breakfast & Registration',
    null,
    :'cfsSubmissionID',
    'in-person',
    '2024-06-15 08:00:00+00',
    '2024-06-15 08:45:00+00',
    'Lobby',
    null,
    null,
    null,
    null,
    false
);

-- Session with automatic recording override
insert into session (
    session_id,
    event_id,
    name,
    description,
    session_kind_id,
    starts_at,
    ends_at,
    meeting_in_sync,
    meeting_provider_id,
    meeting_recording_published,
    meeting_recording_url,
    meeting_requested
) values (
    :'sessionOverrideID',
    :'eventRecordingOverrideID',
    'Recording Override Session',
    'A session used to verify organizer recording overrides take priority',
    'virtual',
    '2024-06-18 10:00:00+00',
    '2024-06-18 11:00:00+00',
    true,
    'zoom',
    true,
    'https://youtube.com/watch?v=session2-override',
    true
);

-- Link meeting to event
insert into meeting (
    event_id,
    join_url,
    meeting_provider_id,
    password,
    provider_meeting_id,
    recording_urls
) values (
    :'eventID',
    'https://meeting.example.com/event',
    'zoom',
    'event-secret',
    'meeting-event-001',
    array[
        'https://meeting.example.com/event-recording',
        'https://meeting.example.com/event-recording-late-joiner'
    ]::text[]
);

-- Link meeting to session
insert into meeting (
    join_url,
    meeting_provider_id,
    password,
    provider_meeting_id,
    recording_urls,
    session_id
) values (
    'https://meeting.example.com/session2',
    'zoom',
    'session-secret',
    'meeting-session2-001',
    array[
        'https://meeting.example.com/session2-recording',
        'https://meeting.example.com/session2-recording-early-joiner'
    ]::text[],
    :'session2ID'
);

-- Link meeting to event with automatic recording override
insert into meeting (
    event_id,
    join_url,
    meeting_provider_id,
    password,
    provider_meeting_id,
    recording_urls
) values (
    :'eventRecordingOverrideID',
    'https://meeting.example.com/event-override',
    'zoom',
    'event-override-secret',
    'meeting-event-override-001',
    array[
        'https://meeting.example.com/event-override-recording',
        'https://meeting.example.com/event-override-recording-late-joiner'
    ]::text[]
);

-- Link meeting to session with automatic recording override
insert into meeting (
    join_url,
    meeting_provider_id,
    password,
    provider_meeting_id,
    recording_urls,
    session_id
) values (
    'https://meeting.example.com/session-override',
    'zoom',
    'session-override-secret',
    'meeting-session-override-001',
    array[
        'https://meeting.example.com/session-override-recording',
        'https://meeting.example.com/session-override-recording-early-joiner'
    ]::text[],
    :'sessionOverrideID'
);

-- Session Speakers
insert into session_speaker (session_id, user_id, featured)
values
    (:'session1ID', :'user1ID', false),
    (:'session1ID', :'user3ID', true);

-- Group Sponsors
insert into group_sponsor (
    group_sponsor_id,
    group_id,
    name,
    logo_url,
    website_url
) values (
    :'sponsor1ID',
    :'groupID',
    'CloudInc',
    'https://example.com/cloudinc.png',
    null
), (
    :'sponsor2ID',
    :'groupID',
    'TechCorp',
    'https://example.com/techcorp.png',
    'https://techcorp.com'
);

-- Event Sponsors (linking group sponsors to event)
insert into event_sponsor (event_id, group_sponsor_id, level)
values
    (:'eventID', :'sponsor1ID', 'Silver'),
    (:'eventID', :'sponsor2ID', 'Gold');

-- Legacy Event Hosts
insert into legacy_event_host (
    legacy_event_host_id,
    event_id,
    name,
    bio,
    title,
    photo_url
) values (
    :'legacyHost1ID',
    :'eventID',
    'Ada Lovelace (Legacy)',
    'Pioneer of computing and analytics',
    'Mathematician',
    'https://example.com/ada.png'
), (
    :'legacyHost2ID',
    :'eventID',
    'Bruno Díaz (Legacy)',
    'Cloud native advocate and speaker',
    'Engineer',
    'https://example.com/bruno.png'
);

-- Legacy Event Speakers
insert into legacy_event_speaker (
    legacy_event_speaker_id,
    event_id,
    name,
    bio,
    title,
    photo_url
) values (
    :'legacySpeaker1ID',
    :'eventID',
    'Carol Speaker (Legacy)',
    'Distributed systems researcher and speaker',
    'Researcher',
    'https://example.com/carol.png'
), (
    :'legacySpeaker2ID',
    :'eventID',
    'Diego Speaker (Legacy)',
    'Kubernetes contributor and speaker',
    'Engineer',
    'https://example.com/diego.png'
);

-- Event (inactive group)
insert into event (
    event_id,
    name,
    slug,
    description,
    event_kind_id,
    event_category_id,
    group_id,
    published,
    starts_at,
    timezone
) values (
    :'eventInactiveGroupID',
    'Legacy Event',
    'jkl2def',
    'An event from an inactive group that should not appear in normal listings',
    'virtual',
    :'eventCategoryID',
    :'groupInactiveID',
    true,
    '2024-08-15 09:00:00+00',
    'America/New_York'
);

-- Event with no logo for group-logo fallback checks
insert into event (
    event_id,
    name,
    slug,
    description,
    event_kind_id,
    event_category_id,
    group_id,
    published,
    starts_at,
    timezone,
    logo_url
) values (
    :'eventGroupLogoFallbackID',
    'Logo Fallback Event',
    'logo-fallback-event',
    'An event with no logo that should fall back to the group logo',
    'virtual',
    :'eventCategoryID',
    :'groupID',
    true,
    '2024-09-15 09:00:00+00',
    'America/New_York',
    null
);

-- Event with no logo for alliance-logo fallback checks
insert into event (
    event_id,
    name,
    slug,
    description,
    event_kind_id,
    event_category_id,
    group_id,
    published,
    starts_at,
    timezone,
    logo_url
) values (
    :'eventAllianceLogoFallbackID',
    'Alliance Logo Fallback Event',
    'alliance-logo-fallback-event',
    'An event with no logo in a group with no logo that should fall back to the alliance logo',
    'virtual',
    :'eventCategoryID',
    :'groupNoLogoID',
    true,
    '2024-10-15 09:00:00+00',
    'America/New_York',
    null
);

-- Ticketed event for normalized payment payload checks
insert into event (
    event_id,
    name,
    slug,
    description,
    event_kind_id,
    event_category_id,
    group_id,
    payment_currency_code,
    published,
    starts_at,
    timezone
) values (
    :'eventPaidID',
    'Paid KubeCon Seattle 2024',
    'paid-kubecon-seattle-2024',
    'A paid event used to verify normalized payment fields',
    'virtual',
    :'eventCategoryID',
    :'groupID',
    'USD',
    true,
    '2024-06-20 09:00:00+00',
    'America/New_York'
);

-- Paid event organizers for order checks
insert into event_organizer (event_id, user_id, "order")
values
    (:'eventPaidID', :'user1ID', 1),
    (:'eventPaidID', :'user2ID', 2),
    (:'eventPaidID', :'user3ID', null);

-- Event discount code
insert into event_discount_code (
    event_discount_code_id,
    amount_minor,
    code,
    event_id,
    kind,
    title
) values (
    :'ticketDiscountCodeID',
    500,
    'SAVE5',
    :'eventPaidID',
    'fixed_amount',
    'Launch discount'
);

-- Event ticket type
insert into event_ticket_type (
    event_ticket_type_id,
    event_id,
    "order",
    seats_total,
    title
) values (
    :'ticketTypeID',
    :'eventPaidID',
    1,
    25,
    'General admission'
);

-- Event ticket price window
insert into event_ticket_price_window (
    event_ticket_price_window_id,
    amount_minor,
    event_ticket_type_id
) values (
    :'ticketPriceWindowID',
    2500,
    :'ticketTypeID'
);

-- ============================================================================
-- TESTS
-- ============================================================================

-- Should return complete event JSON
select is(
    get_event_full(
        :'allianceID'::uuid,
        :'groupID'::uuid,
        :'eventID'::uuid
    )::jsonb,
    '{
        "canceled": false,
        "category_name": "Tech Talks",
        "created_at": 1711965600,
        "description": "Annual Kubernetes conference featuring workshops, talks, and hands-on sessions with industry experts from across the cloud native ecosystem",
        "event_id": "0c060000-0000-0000-0000-000000000006",
        "event_reminder_enabled": true,
        "has_registration_questions": false,
        "has_related_events": true,
        "has_ticket_purchases": false,
        "kind": "hybrid",
        "name": "KubeCon Seattle 2024",
        "published": true,
        "slug": "def5678",
        "test_event": false,
        "timezone": "America/New_York",
        "attendee_approval_required": false,
        "attendee_count": 2,
        "banner_url": "https://example.com/event-banner.png",
        "capacity": 500,
        "cfs_labels": [
            {
                "color": "#DBEAFE",
                "event_cfs_label_id": "0c060000-0000-0000-0000-000000000011",
                "name": "track / ai + ml"
            },
            {
                "color": "#FEE2E2",
                "event_cfs_label_id": "0c060000-0000-0000-0000-000000000012",
                "name": "track / web"
            }
        ],
        "description_short": "Annual Kubernetes conference",
        "ends_at": 1718557200,
        "event_series_id": "0c060000-0000-0000-0000-00000000000b",
        "latitude": 47.6062,
        "logo_url": "https://example.com/event-logo.png",
        "longitude": -122.3321,
        "luma_url": "https://luma.com/event123",
        "meeting_in_sync": true,
        "meeting_join_instructions": "Use your registration name when joining.",
        "meeting_password": "event-secret",
        "meeting_requested": false,
        "meeting_join_url": "https://meeting.example.com/event",
        "meeting_recording_published": true,
        "meeting_recording_raw_urls": [
            "https://meeting.example.com/event-recording",
            "https://meeting.example.com/event-recording-late-joiner"
        ],
        "meeting_recording_requested": true,
        "meetup_url": "https://meetup.com/event123",
        "photos_urls": ["https://example.com/photo1.jpg", "https://example.com/photo2.jpg"],
        "published_at": 1714564800,
        "registration_questions": [],
        "registration_questions_locked": false,
        "registration_required": true,
        "starts_at": 1718438400,
        "tags": ["technology", "conference", "workshops"],
        "venue_address": "123 Main St",
        "venue_city": "New York",
        "venue_country_code": "US",
        "venue_country_name": "United States",
        "venue_name": "Convention Center",
        "venue_state": "NY",
        "venue_zip_code": "10001",
        "remaining_capacity": 498,
        "waitlist_count": 0,
        "waitlist_enabled": false,
        "alliance": {
            "banner_mobile_url": "https://example.com/banner_mobile.png",
            "banner_url": "https://example.com/banner.png",
            "alliance_id": "0c060000-0000-0000-0000-000000000002",
            "coffee_meet_enabled": true,
            "display_name": "Cloud Native Seattle",
            "logo_url": "https://example.com/logo.png",
            "mentorship_enabled": true,
            "mock_interviews_enabled": true,
            "name": "cloud-native-seattle",
            "ad_banner_link_url": "https://example.com/ad-banner-link",
            "ad_banner_url": "https://example.com/ad-banner.png",
            "og_image_url": "https://example.com/alliance-og.png"
        },
        "group": {
            "city": "New York",
            "name": "Seattle Kubernetes Meetup",
            "slug": "abc1234",
            "state": "NY",
            "active": true,
            "category": {
                "group_category_id": "0c060000-0000-0000-0000-00000000000d",
                "name": "Technology",
                "normalized_name": "technology"
            },
            "alliance_display_name": "Cloud Native Seattle",
            "alliance_name": "cloud-native-seattle",
            "group_id": "0c060000-0000-0000-0000-00000000000e",
            "latitude": 40.73061,
            "logo_url": "https://example.com/group-logo.png",
            "longitude": -73.935242,
            "og_image_url": "https://example.com/group-og.png",
            "created_at": 1709287200,
            "country_code": "US",
            "country_name": "United States"
        },
        "hosts": [
            {
                "user_id": "0c060000-0000-0000-0000-000000000024",
                "username": "sarah-host",
                "bio": "Cloud native alliance leader",
                "bluesky_url": "https://bsky.app/profile/sarahchen",
                "name": "Sarah Chen",
                "company": "Microsoft",
                "facebook_url": "https://facebook.com/sarahchen",
                "github_url": "https://github.com/sarahchen",
                "linkedin_url": "https://linkedin.com/in/sarahchen",
                "photo_url": "https://example.com/sarah.png",
                "provider": {
                    "linuxfoundation": {
                        "username": "sarah-lf"
                    }
                },
                "title": "Principal Engineer",
                "twitter_url": "https://twitter.com/sarahchen",
                "website_url": "https://sarahchen.dev"
            }
        ],
        "legacy_hosts": [
            {
                "bio": "Pioneer of computing and analytics",
                "name": "Ada Lovelace (Legacy)",
                "photo_url": "https://example.com/ada.png",
                "title": "Mathematician"
            },
            {
                "bio": "Cloud native advocate and speaker",
                "name": "Bruno Díaz (Legacy)",
                "photo_url": "https://example.com/bruno.png",
                "title": "Engineer"
            }
        ],
        "legacy_speakers": [
            {
                "bio": "Distributed systems researcher and speaker",
                "name": "Carol Speaker (Legacy)",
                "photo_url": "https://example.com/carol.png",
                "title": "Researcher"
            },
            {
                "bio": "Kubernetes contributor and speaker",
                "name": "Diego Speaker (Legacy)",
                "photo_url": "https://example.com/diego.png",
                "title": "Engineer"
            }
        ],
        "organizers": [
            {
                "user_id": "0c060000-0000-0000-0000-000000000025",
                "username": "mike-organizer",
                "bio": "Event organizer and speaker",
                "bluesky_url": "https://bsky.app/profile/mikerod",
                "name": "Mike Rodriguez",
                "company": "AWS",
                "facebook_url": "https://facebook.com/mikerod",
                "github_url": "https://github.com/mikerod",
                "linkedin_url": "https://linkedin.com/in/mikerod",
                "photo_url": "https://example.com/mike.png",
                "provider": {
                    "github": {
                        "username": "mike-gh"
                    }
                },
                "title": "Solutions Architect",
                "twitter_url": "https://twitter.com/mikerod",
                "website_url": "https://mikerodriguez.io"
            }
        ],
        "sessions": {
            "2024-06-15": [
                {
                    "cfs_submission_id": "0c060000-0000-0000-0000-000000000001",
                    "description": "Proposal description for breakfast and registration details",
                    "ends_at": 1718441100,
                    "session_id": "0c060000-0000-0000-0000-00000000001a",
                    "kind": "in-person",
                    "name": "Breakfast & Registration",
                    "starts_at": 1718438400,
                    "meeting_recording_published": false,
                    "meeting_requested": false,
                    "location": "Lobby",
                    "speakers": [
                        {
                            "user_id": "0c060000-0000-0000-0000-000000000024",
                            "username": "sarah-host",
                            "bio": "Cloud native alliance leader",
                            "bluesky_url": "https://bsky.app/profile/sarahchen",
                            "name": "Sarah Chen",
                            "company": "Microsoft",
                            "facebook_url": "https://facebook.com/sarahchen",
                            "featured": false,
                            "github_url": "https://github.com/sarahchen",
                            "linkedin_url": "https://linkedin.com/in/sarahchen",
                            "photo_url": "https://example.com/sarah.png",
                            "provider": {
                                "linuxfoundation": {
                                    "username": "sarah-lf"
                                }
                            },
                            "title": "Principal Engineer",
                            "twitter_url": "https://twitter.com/sarahchen",
                            "website_url": "https://sarahchen.dev"
                        },
                        {
                            "user_id": "0c060000-0000-0000-0000-000000000025",
                            "username": "mike-organizer",
                            "bio": "Event organizer and speaker",
                            "bluesky_url": "https://bsky.app/profile/mikerod",
                            "name": "Mike Rodriguez",
                            "company": "AWS",
                            "facebook_url": "https://facebook.com/mikerod",
                            "featured": false,
                            "github_url": "https://github.com/mikerod",
                            "linkedin_url": "https://linkedin.com/in/mikerod",
                            "photo_url": "https://example.com/mike.png",
                            "provider": {
                                "github": {
                                    "username": "mike-gh"
                                }
                            },
                            "title": "Solutions Architect",
                            "twitter_url": "https://twitter.com/mikerod",
                            "website_url": "https://mikerodriguez.io"
                        }
                    ]
                },
                {
                    "description": "Welcome keynote exploring the evolving landscape of cloud native technologies",
                    "ends_at": 1718445600,
                    "session_id": "0c060000-0000-0000-0000-000000000018",
                    "kind": "in-person",
                    "name": "Opening Keynote: The Future of Cloud Native",
                    "starts_at": 1718442000,
                    "location": "Main Hall",
                    "meeting_join_instructions": "Join five minutes early for the speaker Q&A.",
                    "meeting_join_url": "https://stream.example.com/session1",
                    "meeting_recording_public_url": "https://youtube.com/watch?v=session1",
                    "meeting_recording_published": true,
                    "meeting_recording_url": "https://youtube.com/watch?v=session1",
                    "meeting_requested": false,
                    "speakers": [
                        {
                            "user_id": "0c060000-0000-0000-0000-000000000026",
                            "username": "alex-speaker",
                            "bio": "Kubernetes expert and speaker",
                            "bluesky_url": "https://bsky.app/profile/alexthompson",
                            "name": "Alex Thompson",
                            "company": "Google",
                            "featured": true,
                            "github_url": "https://github.com/alexthompson",
                            "linkedin_url": "https://linkedin.com/in/alexthompson",
                            "photo_url": "https://example.com/alex.png",
                            "title": "Staff Engineer"
                        },
                        {
                            "user_id": "0c060000-0000-0000-0000-000000000024",
                            "username": "sarah-host",
                            "bio": "Cloud native alliance leader",
                            "bluesky_url": "https://bsky.app/profile/sarahchen",
                            "name": "Sarah Chen",
                            "company": "Microsoft",
                            "facebook_url": "https://facebook.com/sarahchen",
                            "featured": false,
                            "github_url": "https://github.com/sarahchen",
                            "linkedin_url": "https://linkedin.com/in/sarahchen",
                            "photo_url": "https://example.com/sarah.png",
                            "provider": {
                                "linuxfoundation": {
                                    "username": "sarah-lf"
                                }
                            },
                            "title": "Principal Engineer",
                            "twitter_url": "https://twitter.com/sarahchen",
                            "website_url": "https://sarahchen.dev"
                        }
                    ]
                }
            ],
            "2024-06-16": [
                {
                    "description": "Hands-on workshop covering security fundamentals for Kubernetes deployments",
                    "ends_at": 1718537400,
                    "session_id": "0c060000-0000-0000-0000-000000000019",
                    "kind": "virtual",
                    "name": "Workshop: Kubernetes Security Best Practices",
                    "starts_at": 1718533800,
                    "meeting_in_sync": true,
                    "meeting_password": "session-secret",
                    "meeting_provider": "zoom",
                    "meeting_requested": true,
                    "location": "Room A",
                    "meeting_join_url": "https://meeting.example.com/session2",
                    "meeting_recording_published": true,
                    "meeting_recording_raw_urls": [
                        "https://meeting.example.com/session2-recording",
                        "https://meeting.example.com/session2-recording-early-joiner"
                    ],
                    "speakers": []
                }
            ]
        },
        "speakers": [
            {
                "user_id": "0c060000-0000-0000-0000-000000000026",
                "username": "alex-speaker",
                "bio": "Kubernetes expert and speaker",
                "bluesky_url": "https://bsky.app/profile/alexthompson",
                "name": "Alex Thompson",
                "company": "Google",
                "featured": true,
                "github_url": "https://github.com/alexthompson",
                "linkedin_url": "https://linkedin.com/in/alexthompson",
                "photo_url": "https://example.com/alex.png",
                "title": "Staff Engineer"
            },
            {
                "user_id": "0c060000-0000-0000-0000-000000000025",
                "username": "mike-organizer",
                "bio": "Event organizer and speaker",
                "bluesky_url": "https://bsky.app/profile/mikerod",
                "name": "Mike Rodriguez",
                "company": "AWS",
                "facebook_url": "https://facebook.com/mikerod",
                "featured": false,
                "github_url": "https://github.com/mikerod",
                "linkedin_url": "https://linkedin.com/in/mikerod",
                "photo_url": "https://example.com/mike.png",
                "provider": {
                    "github": {
                        "username": "mike-gh"
                    }
                },
                "title": "Solutions Architect",
                "twitter_url": "https://twitter.com/mikerod",
                "website_url": "https://mikerodriguez.io"
            },
            {
                "user_id": "0c060000-0000-0000-0000-000000000024",
                "username": "sarah-host",
                "bio": "Cloud native alliance leader",
                "bluesky_url": "https://bsky.app/profile/sarahchen",
                "name": "Sarah Chen",
                "company": "Microsoft",
                "facebook_url": "https://facebook.com/sarahchen",
                "featured": false,
                "github_url": "https://github.com/sarahchen",
                "linkedin_url": "https://linkedin.com/in/sarahchen",
                "photo_url": "https://example.com/sarah.png",
                "provider": {
                    "linuxfoundation": {
                        "username": "sarah-lf"
                    }
                },
                "title": "Principal Engineer",
                "twitter_url": "https://twitter.com/sarahchen",
                "website_url": "https://sarahchen.dev"
            }
        ],
        "sponsors": [
            {
                "group_sponsor_id": "0c060000-0000-0000-0000-00000000001d",
                "level": "Silver",
                "logo_url": "https://example.com/cloudinc.png",
                "name": "CloudInc"
            },
            {
                "group_sponsor_id": "0c060000-0000-0000-0000-00000000001e",
                "level": "Gold",
                "logo_url": "https://example.com/techcorp.png",
                "name": "TechCorp",
                "website_url": "https://techcorp.com"
            }
        ]
    }'::jsonb,
    'Should return complete event data with hosts, organizers, and sessions as JSON'
);

-- Should indicate whether registration questions are configured
select is(
    (
        get_event_full(
            :'allianceID'::uuid,
            :'groupID'::uuid,
            :'eventUnpublishedID'::uuid
        )::jsonb
    )->>'has_registration_questions',
    'true',
    'Should indicate whether registration questions are configured'
);

-- Should lock registration questions when answers exist
select is(
    (
        get_event_full(
            :'allianceID'::uuid,
            :'groupID'::uuid,
            :'eventUnpublishedID'::uuid
        )::jsonb
    )->>'registration_questions_locked',
    'true',
    'Should lock registration questions when answers exist'
);

-- Should include configured registration window timestamps in full event payloads
select is(
    jsonb_build_object(
        'registration_ends_at', (
            get_event_full(
                :'allianceID'::uuid,
                :'groupID'::uuid,
                :'eventUnpublishedID'::uuid
            )::jsonb
        )->'registration_ends_at',
        'registration_starts_at', (
            get_event_full(
                :'allianceID'::uuid,
                :'groupID'::uuid,
                :'eventUnpublishedID'::uuid
            )::jsonb
        )->'registration_starts_at'
    ),
    jsonb_build_object(
        'registration_ends_at', floor(extract(epoch from '2024-07-14 09:00:00+00'::timestamptz)),
        'registration_starts_at', floor(extract(epoch from '2024-07-01 09:00:00+00'::timestamptz))
    ),
    'Should include configured registration window timestamps in full event payloads'
);

-- Should include normalized ticketing fields in the full event payload
select is(
    jsonb_build_object(
        'discount_codes', (
            get_event_full(
                :'allianceID'::uuid,
                :'groupID'::uuid,
                :'eventPaidID'::uuid
            )::jsonb
        )->'discount_codes',
        'payment_currency_code', (
            get_event_full(
                :'allianceID'::uuid,
                :'groupID'::uuid,
                :'eventPaidID'::uuid
            )::jsonb
        )->'payment_currency_code',
        'ticket_types', (
            get_event_full(
                :'allianceID'::uuid,
                :'groupID'::uuid,
                :'eventPaidID'::uuid
            )::jsonb
        )->'ticket_types'
    ),
    format(
        '{
            "discount_codes": [
                {
                    "active": true,
                    "amount_minor": 500,
                    "available_override_active": false,
                    "code": "SAVE5",
                    "event_discount_code_id": "%s",
                    "kind": "fixed_amount",
                    "title": "Launch discount"
                }
            ],
            "payment_currency_code": "USD",
            "ticket_types": [
                {
                    "active": true,
                    "current_price": {
                        "amount_minor": 2500
                    },
                    "event_ticket_type_id": "%s",
                    "order": 1,
                    "price_windows": [
                        {
                            "amount_minor": 2500,
                            "event_ticket_price_window_id": "%s"
                        }
                    ],
                    "remaining_seats": 25,
                    "seats_total": 25,
                    "sold_out": false,
                    "title": "General admission"
                }
            ]
        }',
        :'ticketDiscountCodeID', :'ticketTypeID', :'ticketPriceWindowID'
    )::jsonb,
    'Should include normalized ticketing fields in the full event payload'
);

-- Should order event organizers by snapshot order with nulls last
select is(
    (
        select array_agg(organizer->>'username' order by ordinality)
        from jsonb_array_elements((
            get_event_full(
                :'allianceID'::uuid,
                :'groupID'::uuid,
                :'eventPaidID'::uuid
            )::jsonb
        )->'organizers') with ordinality as organizers(organizer, ordinality)
    ),
    array['sarah-host', 'mike-organizer', 'alex-speaker']::text[],
    'Should order event organizers by snapshot order with nulls last'
);

-- Should use group logo when event has no logo
select is(
    (get_event_full(
        :'allianceID'::uuid,
        :'groupID'::uuid,
        :'eventGroupLogoFallbackID'::uuid
    )::jsonb)->>'logo_url',
    'https://example.com/group-logo.png',
    'Should use group logo when event has no logo'
);

-- Should use alliance logo when event and group have no logo
select is(
    (get_event_full(
        :'allianceID'::uuid,
        :'groupNoLogoID'::uuid,
        :'eventAllianceLogoFallbackID'::uuid
    )::jsonb)->>'logo_url',
    'https://example.com/logo.png',
    'Should use alliance logo when event and group have no logo'
);

-- Should return an empty organizers array when a legacy event has no snapshots
select is(
    (get_event_full(
        :'allianceID'::uuid,
        :'groupID'::uuid,
        :'eventUnpublishedID'::uuid
    )::jsonb)->'organizers',
    '[]'::jsonb,
    'Should return an empty organizers array when a legacy event has no snapshots'
);

-- Should keep event organizer attribution after group team changes
delete from group_team
where group_id = :'groupID'::uuid
and user_id = :'user2ID'::uuid;

select is(
    (get_event_full(
        :'allianceID'::uuid,
        :'groupID'::uuid,
        :'eventID'::uuid
    )::jsonb)->'organizers',
    jsonb_build_array(jsonb_build_object(
        'bio', 'Event organizer and speaker',
        'bluesky_url', 'https://bsky.app/profile/mikerod',
        'company', 'AWS',
        'facebook_url', 'https://facebook.com/mikerod',
        'github_url', 'https://github.com/mikerod',
        'linkedin_url', 'https://linkedin.com/in/mikerod',
        'name', 'Mike Rodriguez',
        'photo_url', 'https://example.com/mike.png',
        'provider', jsonb_build_object('github', jsonb_build_object('username', 'mike-gh')),
        'title', 'Solutions Architect',
        'twitter_url', 'https://twitter.com/mikerod',
        'user_id', :'user2ID'::uuid,
        'username', 'mike-organizer',
        'website_url', 'https://mikerodriguez.io'
    )),
    'Should keep event organizer attribution after group team changes'
);

-- Should return null for non-existent event

select ok(
    get_event_full(
        :'allianceID'::uuid,
        :'groupID'::uuid,
        :'unknownEventID'::uuid
    ) is null,
    'Should return null for non-existent event ID'
);

-- Should return null when group does not match event
select ok(
    get_event_full(
        :'allianceID'::uuid,
        :'groupInactiveID'::uuid,
        :'eventID'::uuid
    ) is null,
    'Should return null when group does not match event'
);

-- Should return null when alliance does not match event
select ok(
    get_event_full(
        :'unknownAllianceID'::uuid,
        :'groupID'::uuid,
        :'eventID'::uuid
    ) is null,
    'Should return null when alliance does not match event'
);

-- Should prefer organizer recording overrides over synced meeting recordings
select is(
    (
        with payload as (
            select get_event_full(
                :'allianceID'::uuid,
                :'groupID'::uuid,
                :'eventRecordingOverrideID'::uuid
            )::jsonb as event_json
        )
        select jsonb_build_object(
            'event_meeting_recording_public_url',
            event_json->>'meeting_recording_public_url',
            'event_meeting_recording_published',
            (event_json->>'meeting_recording_published')::boolean,
            'event_meeting_recording_raw_urls',
            event_json->'meeting_recording_raw_urls',
            'event_meeting_recording_url',
            event_json->>'meeting_recording_url',
            'session_meeting_recording_public_url',
            (
                select session_json->>'meeting_recording_public_url'
                from jsonb_each(event_json->'sessions') as day(day, sessions)
                cross join lateral jsonb_array_elements(sessions) as session_json
                where session_json->>'session_id' = :'sessionOverrideID'
            ),
            'session_meeting_recording_published',
            (
                select (session_json->>'meeting_recording_published')::boolean
                from jsonb_each(event_json->'sessions') as day(day, sessions)
                cross join lateral jsonb_array_elements(sessions) as session_json
                where session_json->>'session_id' = :'sessionOverrideID'
            ),
            'session_meeting_recording_raw_urls',
            (
                select session_json->'meeting_recording_raw_urls'
                from jsonb_each(event_json->'sessions') as day(day, sessions)
                cross join lateral jsonb_array_elements(sessions) as session_json
                where session_json->>'session_id' = :'sessionOverrideID'
            ),
            'session_meeting_recording_url',
            (
                select session_json->>'meeting_recording_url'
                from jsonb_each(event_json->'sessions') as day(day, sessions)
                cross join lateral jsonb_array_elements(sessions) as session_json
                where session_json->>'session_id' = :'sessionOverrideID'
            )
        )
        from payload
    ),
    '{
        "event_meeting_recording_public_url": "https://youtube.com/watch?v=event-override",
        "event_meeting_recording_published": true,
        "event_meeting_recording_raw_urls": [
            "https://meeting.example.com/event-override-recording",
            "https://meeting.example.com/event-override-recording-late-joiner"
        ],
        "event_meeting_recording_url": "https://youtube.com/watch?v=event-override",
        "session_meeting_recording_public_url": "https://youtube.com/watch?v=session2-override",
        "session_meeting_recording_published": true,
        "session_meeting_recording_raw_urls": [
            "https://meeting.example.com/session-override-recording",
            "https://meeting.example.com/session-override-recording-early-joiner"
        ],
        "session_meeting_recording_url": "https://youtube.com/watch?v=session2-override"
    }'::jsonb,
    'Should prefer organizer recording overrides over synced meeting recordings'
);

update event
set meeting_recording_published = false
where event_id = :'eventRecordingOverrideID'::uuid;

update session
set meeting_recording_published = false
where session_id = :'sessionOverrideID'::uuid;

-- Should keep organizer and raw recording URLs while hiding unpublished public recording URLs
select is(
    (
        with payload as (
            select get_event_full(
                :'allianceID'::uuid,
                :'groupID'::uuid,
                :'eventRecordingOverrideID'::uuid
            )::jsonb as event_json
        )
        select jsonb_strip_nulls(jsonb_build_object(
            'event_meeting_recording_public_url',
            event_json->>'meeting_recording_public_url',
            'event_meeting_recording_published',
            (event_json->>'meeting_recording_published')::boolean,
            'event_meeting_recording_raw_urls',
            event_json->'meeting_recording_raw_urls',
            'event_meeting_recording_url',
            event_json->>'meeting_recording_url',
            'session_meeting_recording_public_url',
            (
                select session_json->>'meeting_recording_public_url'
                from jsonb_each(event_json->'sessions') as day(day, sessions)
                cross join lateral jsonb_array_elements(sessions) as session_json
                where session_json->>'session_id' = :'sessionOverrideID'
            ),
            'session_meeting_recording_published',
            (
                select (session_json->>'meeting_recording_published')::boolean
                from jsonb_each(event_json->'sessions') as day(day, sessions)
                cross join lateral jsonb_array_elements(sessions) as session_json
                where session_json->>'session_id' = :'sessionOverrideID'
            ),
            'session_meeting_recording_raw_urls',
            (
                select session_json->'meeting_recording_raw_urls'
                from jsonb_each(event_json->'sessions') as day(day, sessions)
                cross join lateral jsonb_array_elements(sessions) as session_json
                where session_json->>'session_id' = :'sessionOverrideID'
            ),
            'session_meeting_recording_url',
            (
                select session_json->>'meeting_recording_url'
                from jsonb_each(event_json->'sessions') as day(day, sessions)
                cross join lateral jsonb_array_elements(sessions) as session_json
                where session_json->>'session_id' = :'sessionOverrideID'
            )
        ))
        from payload
    ),
    '{
        "event_meeting_recording_published": false,
        "event_meeting_recording_raw_urls": [
            "https://meeting.example.com/event-override-recording",
            "https://meeting.example.com/event-override-recording-late-joiner"
        ],
        "event_meeting_recording_url": "https://youtube.com/watch?v=event-override",
        "session_meeting_recording_published": false,
        "session_meeting_recording_raw_urls": [
            "https://meeting.example.com/session-override-recording",
            "https://meeting.example.com/session-override-recording-early-joiner"
        ],
        "session_meeting_recording_url": "https://youtube.com/watch?v=session2-override"
    }'::jsonb,
    'Should keep organizer and raw recording URLs while hiding unpublished public recording URLs'
);

-- ============================================================================
-- CLEANUP
-- ============================================================================

select * from finish();
rollback;
